streetname,streetcode
a-b,1
a-ejj,2
b-c,3
ejj-b,4
c-d,5
c-ejj,6
d-e,7
ejj-d,8
e-f,9
e-ejj,10
f-g,11
ejj-f,12
g-h,13
g-ejj,14
h-i,15
ejj-h,16
i-j,17
i-ejj,18
j-ba,19
ejj-j,20
ba-bb,21
ba-ejj,22
bb-bc,23
ejj-bb,24
bc-bd,25
bc-ejj,26
bd-be,27
ejj-bd,28
be-bf,29
be-ejj,30
bf-bg,31
ejj-bf,32
bg-bh,33
bg-ejj,34
bh-bi,35
ejj-bh,36
bi-bj,37
bi-ejj,38
bj-ca,39
ejj-bj,40
ca-cb,41
ca-ejj,42
cb-cc,43
ejj-cb,44
cc-cd,45
cc-ejj,46
cd-ce,47
ejj-cd,48
ce-cf,49
ce-ejj,50
cf-cg,51
ejj-cf,52
cg-ch,53
cg-ejj,54
ch-ci,55
ejj-ch,56
ci-cj,57
ci-ejj,58
cj-da,59
ejj-cj,60
da-db,61
da-ejj,62
db-dc,63
ejj-db,64
dc-dd,65
dc-ejj,66
dd-de,67
ejj-dd,68
de-df,69
de-ejj,70
df-dg,71
ejj-df,72
dg-dh,73
dg-ejj,74
dh-di,75
ejj-dh,76
di-dj,77
di-ejj,78
dj-ea,79
ejj-dj,80
ea-eb,81
ea-ejj,82
eb-ec,83
ejj-eb,84
ec-ed,85
ec-ejj,86
ed-ee,87
ejj-ed,88
ee-ef,89
ee-ejj,90
ef-eg,91
ejj-ef,92
eg-eh,93
eg-ejj,94
eh-ei,95
ejj-eh,96
ei-ej,97
ei-ejj,98
ej-fa,99
ejj-ej,100
fa-fb,101
fa-ejj,102
fb-fc,103
ejj-fb,104
fc-fd,105
fc-ejj,106
fd-fe,107
ejj-fd,108
fe-ff,109
fe-ejj,110
ff-fg,111
ejj-ff,112
fg-fh,113
fg-ejj,114
fh-fi,115
ejj-fh,116
fi-fj,117
fi-ejj,118
fj-ga,119
ejj-fj,120
ga-gb,121
ga-ejj,122
gb-gc,123
ejj-gb,124
gc-gd,125
gc-ejj,126
gd-ge,127
ejj-gd,128
ge-gf,129
ge-ejj,130
gf-gg,131
ejj-gf,132
gg-gh,133
gg-ejj,134
gh-gi,135
ejj-gh,136
gi-gj,137
gi-ejj,138
gj-ha,139
ejj-gj,140
ha-hb,141
ha-ejj,142
hb-hc,143
ejj-hb,144
hc-hd,145
hc-ejj,146
hd-he,147
ejj-hd,148
he-hf,149
he-ejj,150
hf-hg,151
ejj-hf,152
hg-hh,153
hg-ejj,154
hh-hi,155
ejj-hh,156
hi-hj,157
hi-ejj,158
hj-ia,159
ejj-hj,160
ia-ib,161
ia-ejj,162
ib-ic,163
ejj-ib,164
ic-id,165
ic-ejj,166
id-ie,167
ejj-id,168
ie-if,169
ie-ejj,170
if-ig,171
ejj-if,172
ig-ih,173
ig-ejj,174
ih-ii,175
ejj-ih,176
ii-ij,177
ii-ejj,178
ij-ja,179
ejj-ij,180
ja-jb,181
ja-ejj,182
jb-jc,183
ejj-jb,184
jc-jd,185
jc-ejj,186
jd-je,187
ejj-jd,188
je-jf,189
je-ejj,190
jf-jg,191
ejj-jf,192
jg-jh,193
jg-ejj,194
jh-ji,195
ejj-jh,196
ji-jj,197
ji-ejj,198
jj-baa,199
ejj-jj,200
baa-bab,201
baa-ejj,202
bab-bac,203
ejj-bab,204
bac-bad,205
bac-ejj,206
bad-bae,207
ejj-bad,208
bae-baf,209
bae-ejj,210
baf-bag,211
ejj-baf,212
bag-bah,213
bag-ejj,214
bah-bai,215
ejj-bah,216
bai-baj,217
bai-ejj,218
baj-bba,219
ejj-baj,220
bba-bbb,221
bba-ejj,222
bbb-bbc,223
ejj-bbb,224
bbc-bbd,225
bbc-ejj,226
bbd-bbe,227
ejj-bbd,228
bbe-bbf,229
bbe-ejj,230
bbf-bbg,231
ejj-bbf,232
bbg-bbh,233
bbg-ejj,234
bbh-bbi,235
ejj-bbh,236
bbi-bbj,237
bbi-ejj,238
bbj-bca,239
ejj-bbj,240
bca-bcb,241
bca-ejj,242
bcb-bcc,243
ejj-bcb,244
bcc-bcd,245
bcc-ejj,246
bcd-bce,247
ejj-bcd,248
bce-bcf,249
bce-ejj,250
bcf-bcg,251
ejj-bcf,252
bcg-bch,253
bcg-ejj,254
bch-bci,255
ejj-bch,256
bci-bcj,257
bci-ejj,258
bcj-bda,259
ejj-bcj,260
bda-bdb,261
bda-ejj,262
bdb-bdc,263
ejj-bdb,264
bdc-bdd,265
bdc-ejj,266
bdd-bde,267
ejj-bdd,268
bde-bdf,269
bde-ejj,270
bdf-bdg,271
ejj-bdf,272
bdg-bdh,273
bdg-ejj,274
bdh-bdi,275
ejj-bdh,276
bdi-bdj,277
bdi-ejj,278
bdj-bea,279
ejj-bdj,280
bea-beb,281
bea-ejj,282
beb-bec,283
ejj-beb,284
bec-bed,285
bec-ejj,286
bed-bee,287
ejj-bed,288
bee-bef,289
bee-ejj,290
bef-beg,291
ejj-bef,292
beg-beh,293
beg-ejj,294
beh-bei,295
ejj-beh,296
bei-bej,297
bei-ejj,298
bej-bfa,299
ejj-bej,300
bfa-bfb,301
bfa-ejj,302
bfb-bfc,303
ejj-bfb,304
bfc-bfd,305
bfc-ejj,306
bfd-bfe,307
ejj-bfd,308
bfe-bff,309
bfe-ejj,310
bff-bfg,311
ejj-bff,312
bfg-bfh,313
bfg-ejj,314
bfh-bfi,315
ejj-bfh,316
bfi-bfj,317
bfi-ejj,318
bfj-bga,319
ejj-bfj,320
bga-bgb,321
bga-ejj,322
bgb-bgc,323
ejj-bgb,324
bgc-bgd,325
bgc-ejj,326
bgd-bge,327
ejj-bgd,328
bge-bgf,329
bge-ejj,330
bgf-bgg,331
ejj-bgf,332
bgg-bgh,333
bgg-ejj,334
bgh-bgi,335
ejj-bgh,336
bgi-bgj,337
bgi-ejj,338
bgj-bha,339
ejj-bgj,340
bha-bhb,341
bha-ejj,342
bhb-bhc,343
ejj-bhb,344
bhc-bhd,345
bhc-ejj,346
bhd-bhe,347
ejj-bhd,348
bhe-bhf,349
bhe-ejj,350
bhf-bhg,351
ejj-bhf,352
bhg-bhh,353
bhg-ejj,354
bhh-bhi,355
ejj-bhh,356
bhi-bhj,357
bhi-ejj,358
bhj-bia,359
ejj-bhj,360
bia-bib,361
bia-ejj,362
bib-bic,363
ejj-bib,364
bic-bid,365
bic-ejj,366
bid-bie,367
ejj-bid,368
bie-bif,369
bie-ejj,370
bif-big,371
ejj-bif,372
big-bih,373
big-ejj,374
bih-bii,375
ejj-bih,376
bii-bij,377
bii-ejj,378
bij-bja,379
ejj-bij,380
bja-bjb,381
bja-ejj,382
bjb-bjc,383
ejj-bjb,384
bjc-bjd,385
bjc-ejj,386
bjd-bje,387
ejj-bjd,388
bje-bjf,389
bje-ejj,390
bjf-bjg,391
ejj-bjf,392
bjg-bjh,393
bjg-ejj,394
bjh-bji,395
ejj-bjh,396
bji-bjj,397
bji-ejj,398
bjj-caa,399
ejj-bjj,400
caa-cab,401
caa-ejj,402
cab-cac,403
ejj-cab,404
cac-cad,405
cac-ejj,406
cad-cae,407
ejj-cad,408
cae-caf,409
cae-ejj,410
caf-cag,411
ejj-caf,412
cag-cah,413
cag-ejj,414
cah-cai,415
ejj-cah,416
cai-caj,417
cai-ejj,418
caj-cba,419
ejj-caj,420
cba-cbb,421
cba-ejj,422
cbb-cbc,423
ejj-cbb,424
cbc-cbd,425
cbc-ejj,426
cbd-cbe,427
ejj-cbd,428
cbe-cbf,429
cbe-ejj,430
cbf-cbg,431
ejj-cbf,432
cbg-cbh,433
cbg-ejj,434
cbh-cbi,435
ejj-cbh,436
cbi-cbj,437
cbi-ejj,438
cbj-cca,439
ejj-cbj,440
cca-ccb,441
cca-ejj,442
ccb-ccc,443
ejj-ccb,444
ccc-ccd,445
ccc-ejj,446
ccd-cce,447
ejj-ccd,448
cce-ccf,449
cce-ejj,450
ccf-ccg,451
ejj-ccf,452
ccg-cch,453
ccg-ejj,454
cch-cci,455
ejj-cch,456
cci-ccj,457
cci-ejj,458
ccj-cda,459
ejj-ccj,460
cda-cdb,461
cda-ejj,462
cdb-cdc,463
ejj-cdb,464
cdc-cdd,465
cdc-ejj,466
cdd-cde,467
ejj-cdd,468
cde-cdf,469
cde-ejj,470
cdf-cdg,471
ejj-cdf,472
cdg-cdh,473
cdg-ejj,474
cdh-cdi,475
ejj-cdh,476
cdi-cdj,477
cdi-ejj,478
cdj-cea,479
ejj-cdj,480
cea-ceb,481
cea-ejj,482
ceb-cec,483
ejj-ceb,484
cec-ced,485
cec-ejj,486
ced-cee,487
ejj-ced,488
cee-cef,489
cee-ejj,490
cef-ceg,491
ejj-cef,492
ceg-ceh,493
ceg-ejj,494
ceh-cei,495
ejj-ceh,496
cei-cej,497
cei-ejj,498
cej-cfa,499
ejj-cej,500
cfa-cfb,501
cfa-ejj,502
cfb-cfc,503
ejj-cfb,504
cfc-cfd,505
cfc-ejj,506
cfd-cfe,507
ejj-cfd,508
cfe-cff,509
cfe-ejj,510
cff-cfg,511
ejj-cff,512
cfg-cfh,513
cfg-ejj,514
cfh-cfi,515
ejj-cfh,516
cfi-cfj,517
cfi-ejj,518
cfj-cga,519
ejj-cfj,520
cga-cgb,521
cga-ejj,522
cgb-cgc,523
ejj-cgb,524
cgc-cgd,525
cgc-ejj,526
cgd-cge,527
ejj-cgd,528
cge-cgf,529
cge-ejj,530
cgf-cgg,531
ejj-cgf,532
cgg-cgh,533
cgg-ejj,534
cgh-cgi,535
ejj-cgh,536
cgi-cgj,537
cgi-ejj,538
cgj-cha,539
ejj-cgj,540
cha-chb,541
cha-ejj,542
chb-chc,543
ejj-chb,544
chc-chd,545
chc-ejj,546
chd-che,547
ejj-chd,548
che-chf,549
che-ejj,550
chf-chg,551
ejj-chf,552
chg-chh,553
chg-ejj,554
chh-chi,555
ejj-chh,556
chi-chj,557
chi-ejj,558
chj-cia,559
ejj-chj,560
cia-cib,561
cia-ejj,562
cib-cic,563
ejj-cib,564
cic-cid,565
cic-ejj,566
cid-cie,567
ejj-cid,568
cie-cif,569
cie-ejj,570
cif-cig,571
ejj-cif,572
cig-cih,573
cig-ejj,574
cih-cii,575
ejj-cih,576
cii-cij,577
cii-ejj,578
cij-cja,579
ejj-cij,580
cja-cjb,581
cja-ejj,582
cjb-cjc,583
ejj-cjb,584
cjc-cjd,585
cjc-ejj,586
cjd-cje,587
ejj-cjd,588
cje-cjf,589
cje-ejj,590
cjf-cjg,591
ejj-cjf,592
cjg-cjh,593
cjg-ejj,594
cjh-cji,595
ejj-cjh,596
cji-cjj,597
cji-ejj,598
cjj-daa,599
ejj-cjj,600
daa-dab,601
daa-ejj,602
dab-dac,603
ejj-dab,604
dac-dad,605
dac-ejj,606
dad-dae,607
ejj-dad,608
dae-daf,609
dae-ejj,610
daf-dag,611
ejj-daf,612
dag-dah,613
dag-ejj,614
dah-dai,615
ejj-dah,616
dai-daj,617
dai-ejj,618
daj-dba,619
ejj-daj,620
dba-dbb,621
dba-ejj,622
dbb-dbc,623
ejj-dbb,624
dbc-dbd,625
dbc-ejj,626
dbd-dbe,627
ejj-dbd,628
dbe-dbf,629
dbe-ejj,630
dbf-dbg,631
ejj-dbf,632
dbg-dbh,633
dbg-ejj,634
dbh-dbi,635
ejj-dbh,636
dbi-dbj,637
dbi-ejj,638
dbj-dca,639
ejj-dbj,640
dca-dcb,641
dca-ejj,642
dcb-dcc,643
ejj-dcb,644
dcc-dcd,645
dcc-ejj,646
dcd-dce,647
ejj-dcd,648
dce-dcf,649
dce-ejj,650
dcf-dcg,651
ejj-dcf,652
dcg-dch,653
dcg-ejj,654
dch-dci,655
ejj-dch,656
dci-dcj,657
dci-ejj,658
dcj-dda,659
ejj-dcj,660
dda-ddb,661
dda-ejj,662
ddb-ddc,663
ejj-ddb,664
ddc-ddd,665
ddc-ejj,666
ddd-dde,667
ejj-ddd,668
dde-ddf,669
dde-ejj,670
ddf-ddg,671
ejj-ddf,672
ddg-ddh,673
ddg-ejj,674
ddh-ddi,675
ejj-ddh,676
ddi-ddj,677
ddi-ejj,678
ddj-dea,679
ejj-ddj,680
dea-deb,681
dea-ejj,682
deb-dec,683
ejj-deb,684
dec-ded,685
dec-ejj,686
ded-dee,687
ejj-ded,688
dee-def,689
dee-ejj,690
def-deg,691
ejj-def,692
deg-deh,693
deg-ejj,694
deh-dei,695
ejj-deh,696
dei-dej,697
dei-ejj,698
dej-dfa,699
ejj-dej,700
dfa-dfb,701
dfa-ejj,702
dfb-dfc,703
ejj-dfb,704
dfc-dfd,705
dfc-ejj,706
dfd-dfe,707
ejj-dfd,708
dfe-dff,709
dfe-ejj,710
dff-dfg,711
ejj-dff,712
dfg-dfh,713
dfg-ejj,714
dfh-dfi,715
ejj-dfh,716
dfi-dfj,717
dfi-ejj,718
dfj-dga,719
ejj-dfj,720
dga-dgb,721
dga-ejj,722
dgb-dgc,723
ejj-dgb,724
dgc-dgd,725
dgc-ejj,726
dgd-dge,727
ejj-dgd,728
dge-dgf,729
dge-ejj,730
dgf-dgg,731
ejj-dgf,732
dgg-dgh,733
dgg-ejj,734
dgh-dgi,735
ejj-dgh,736
dgi-dgj,737
dgi-ejj,738
dgj-dha,739
ejj-dgj,740
dha-dhb,741
dha-ejj,742
dhb-dhc,743
ejj-dhb,744
dhc-dhd,745
dhc-ejj,746
dhd-dhe,747
ejj-dhd,748
dhe-dhf,749
dhe-ejj,750
dhf-dhg,751
ejj-dhf,752
dhg-dhh,753
dhg-ejj,754
dhh-dhi,755
ejj-dhh,756
dhi-dhj,757
dhi-ejj,758
dhj-dia,759
ejj-dhj,760
dia-dib,761
dia-ejj,762
dib-dic,763
ejj-dib,764
dic-did,765
dic-ejj,766
did-die,767
ejj-did,768
die-dif,769
die-ejj,770
dif-dig,771
ejj-dif,772
dig-dih,773
dig-ejj,774
dih-dii,775
ejj-dih,776
dii-dij,777
dii-ejj,778
dij-dja,779
ejj-dij,780
dja-djb,781
dja-ejj,782
djb-djc,783
ejj-djb,784
djc-djd,785
djc-ejj,786
djd-dje,787
ejj-djd,788
dje-djf,789
dje-ejj,790
djf-djg,791
ejj-djf,792
djg-djh,793
djg-ejj,794
djh-dji,795
ejj-djh,796
dji-djj,797
dji-ejj,798
djj-eaa,799
ejj-djj,800
eaa-eab,801
eaa-ejj,802
eab-eac,803
ejj-eab,804
eac-ead,805
eac-ejj,806
ead-eae,807
ejj-ead,808
eae-eaf,809
eae-ejj,810
eaf-eag,811
ejj-eaf,812
eag-eah,813
eag-ejj,814
eah-eai,815
ejj-eah,816
eai-eaj,817
eai-ejj,818
eaj-eba,819
ejj-eaj,820
eba-ebb,821
eba-ejj,822
ebb-ebc,823
ejj-ebb,824
ebc-ebd,825
ebc-ejj,826
ebd-ebe,827
ejj-ebd,828
ebe-ebf,829
ebe-ejj,830
ebf-ebg,831
ejj-ebf,832
ebg-ebh,833
ebg-ejj,834
ebh-ebi,835
ejj-ebh,836
ebi-ebj,837
ebi-ejj,838
ebj-eca,839
ejj-ebj,840
eca-ecb,841
eca-ejj,842
ecb-ecc,843
ejj-ecb,844
ecc-ecd,845
ecc-ejj,846
ecd-ece,847
ejj-ecd,848
ece-ecf,849
ece-ejj,850
ecf-ecg,851
ejj-ecf,852
ecg-ech,853
ecg-ejj,854
ech-eci,855
ejj-ech,856
eci-ecj,857
eci-ejj,858
ecj-eda,859
ejj-ecj,860
eda-edb,861
eda-ejj,862
edb-edc,863
ejj-edb,864
edc-edd,865
edc-ejj,866
edd-ede,867
ejj-edd,868
ede-edf,869
ede-ejj,870
edf-edg,871
ejj-edf,872
edg-edh,873
edg-ejj,874
edh-edi,875
ejj-edh,876
edi-edj,877
edi-ejj,878
edj-eea,879
ejj-edj,880
eea-eeb,881
eea-ejj,882
eeb-eec,883
ejj-eeb,884
eec-eed,885
eec-ejj,886
eed-eee,887
ejj-eed,888
eee-eef,889
eee-ejj,890
eef-eeg,891
ejj-eef,892
eeg-eeh,893
eeg-ejj,894
eeh-eei,895
ejj-eeh,896
eei-eej,897
eei-ejj,898
eej-efa,899
ejj-eej,900
efa-efb,901
efa-ejj,902
efb-efc,903
ejj-efb,904
efc-efd,905
efc-ejj,906
efd-efe,907
ejj-efd,908
efe-eff,909
efe-ejj,910
eff-efg,911
ejj-eff,912
efg-efh,913
efg-ejj,914
efh-efi,915
ejj-efh,916
efi-efj,917
efi-ejj,918
efj-ega,919
ejj-efj,920
ega-egb,921
ega-ejj,922
egb-egc,923
ejj-egb,924
egc-egd,925
egc-ejj,926
egd-ege,927
ejj-egd,928
ege-egf,929
ege-ejj,930
egf-egg,931
ejj-egf,932
egg-egh,933
egg-ejj,934
egh-egi,935
ejj-egh,936
egi-egj,937
egi-ejj,938
egj-eha,939
ejj-egj,940
eha-ehb,941
eha-ejj,942
ehb-ehc,943
ejj-ehb,944
ehc-ehd,945
ehc-ejj,946
ehd-ehe,947
ejj-ehd,948
ehe-ehf,949
ehe-ejj,950
ehf-ehg,951
ejj-ehf,952
ehg-ehh,953
ehg-ejj,954
ehh-ehi,955
ejj-ehh,956
ehi-ehj,957
ehi-ejj,958
ehj-eia,959
ejj-ehj,960
eia-eib,961
eia-ejj,962
eib-eic,963
ejj-eib,964
eic-eid,965
eic-ejj,966
eid-eie,967
ejj-eid,968
eie-eif,969
eie-ejj,970
eif-eig,971
ejj-eif,972
eig-eih,973
eig-ejj,974
eih-eii,975
ejj-eih,976
eii-eij,977
eii-ejj,978
eij-eja,979
ejj-eij,980
eja-ejb,981
eja-ejj,982
ejb-ejc,983
ejj-ejb,984
ejc-ejd,985
ejc-ejj,986
ejd-eje,987
ejj-ejd,988
eje-ejf,989
eje-ejj,990
ejf-ejg,991
ejj-ejf,992
ejg-ejh,993
ejg-ejj,994
ejh-eji,995
ejj-ejh,996
eji-a,997
eji-ejj,998
